id,fecha,prices,market_caps,total_volumes
uniswap,2020-09-17,3.4438,219913212.47869825,1802085330.293668
uniswap,2020-09-18,3.4438,219913212.47869825,1802085330.293668
uniswap,2020-09-19,7.0977,732822061.0330778,5688408416.882498
uniswap,2020-09-20,5.7021,647208421.0707141,2050756493.492213
uniswap,2020-09-21,5.2566,632421347.516945,1316669226.584856
uniswap,2020-09-22,4.2948,526520586.45950305,1074198632.0904953
uniswap,2020-09-23,3.9084,487186362.8207511,697928916.822781
uniswap,2020-09-24,4.3429,558449301.5904285,976430280.4460803
uniswap,2020-09-25,5.1386,670712373.8758416,776760499.8672208
uniswap,2020-09-26,4.9081,646853075.535181,626823584.8121408
uniswap,2020-09-27,4.8684,691125372.1503159,363925152.74854934
uniswap,2020-09-28,4.845,689402232.077857,341577705.09212464
uniswap,2020-09-29,4.2519,622352706.2677807,335772345.2750809
uniswap,2020-09-30,4.3415,641030584.1185127,279012123.5261533
uniswap,2020-10-01,4.1533,620840802.3152523,215900631.37764022
uniswap,2020-10-02,4.244,636514926.1406465,370977286.8729862
uniswap,2020-10-03,3.9008,643770085.9726512,326043384.3933095
uniswap,2020-10-04,3.8945,704073930.1747521,212356215.25192958
uniswap,2020-10-05,3.7212,676286308.1652026,244544989.9204514
uniswap,2020-10-06,3.3215,604064456.4319453,298746894.4948947
uniswap,2020-10-07,2.6923,484435475.7614607,384108414.06590426
uniswap,2020-10-08,2.9633,540709193.0312451,438926126.0949557
uniswap,2020-10-09,3.3087,603384806.4011482,487646893.72824025
uniswap,2020-10-10,3.4064,624766817.7307591,377780662.24262124
uniswap,2020-10-11,3.2985,605086419.1414492,285868091.8782006
uniswap,2020-10-12,3.374,620284007.0059217,198779007.34591478
uniswap,2020-10-13,3.4497,636858098.7676747,262845150.32599124
uniswap,2020-10-14,3.35,619474718.5315651,156290894.7283672
uniswap,2020-10-15,3.1228,577560863.213238,260812435.53290272
uniswap,2020-10-16,3.0775,573329621.3129594,223937288.66708416
uniswap,2020-10-17,3.0356,568053942.0466825,311404752.2546533
uniswap,2020-10-18,3.0728,573608919.3394606,158485458.09938937
uniswap,2020-10-19,3.266,658475452.6602299,153578565.9021965
uniswap,2020-10-20,3.1709,638986846.1577828,177367219.185632
uniswap,2020-10-21,2.8533,574630017.2192171,267899120.4802981
uniswap,2020-10-22,2.931,590704390.9094771,242609502.30000964
uniswap,2020-10-23,3.0305,613902134.4513645,179057034.57620853
uniswap,2020-10-24,3.0087,608790596.9414719,157171970.1050009
uniswap,2020-10-25,2.9413,594863487.4925164,114649947.17601904
uniswap,2020-10-26,2.7723,582236710.6524885,138696963.62674186
uniswap,2020-10-27,2.7107,569460992.1533448,186029316.91562256
uniswap,2020-10-28,2.8172,595487146.8850842,188714502.28583327
uniswap,2020-10-29,2.6705,563330287.0275949,147809519.0275576
uniswap,2020-10-30,2.5374,536652174.1634711,130705348.51051356
uniswap,2020-10-31,2.41,509800102.67010105,219373066.75671974
uniswap,2020-11-01,2.261,479933274.3121692,112447743.3022698
uniswap,2020-11-02,2.3738,505102350.9126218,123598089.32183826
uniswap,2020-11-03,2.2518,482105416.860576,129313651.14587164
uniswap,2020-11-04,2.1373,459013051.13185984,106587850.41473934
uniswap,2020-11-05,1.9282,411540818.446762,118641534.8189223
uniswap,2020-11-06,2.2069,472797950.4393272,344459948.36912775
uniswap,2020-11-07,2.5487,546090935.4543844,407112159.3484543
uniswap,2020-11-08,2.4813,535529641.5250265,491671462.8606986
uniswap,2020-11-09,2.8768,620585818.9074469,278969229.5601973
uniswap,2020-11-10,2.6728,573849148.3657682,262312751.12296724
uniswap,2020-11-11,3.0499,656695052.9585853,285676579.766339
uniswap,2020-11-12,2.9376,630203163.1012877,290189822.8639477
uniswap,2020-11-13,2.9621,638318912.7352413,266553988.6727794
uniswap,2020-11-14,3.8872,837054899.1487976,476124356.87531024
uniswap,2020-11-15,3.8117,824295398.9563959,406943170.6587308
uniswap,2020-11-16,3.8665,832451942.6779054,416448751.32485884
uniswap,2020-11-17,3.5778,770626828.1027259,418257582.48993695
uniswap,2020-11-18,3.8289,823469580.4665115,404729766.5233903
uniswap,2020-11-19,3.4643,744366290.5439156,349115856.6319695
uniswap,2020-11-20,3.7292,801066288.3822533,371297515.18057406
uniswap,2020-11-21,3.842,823599938.8097627,451935722.0365768
uniswap,2020-11-22,3.8225,819420815.5549861,457778339.4355159
uniswap,2020-11-23,3.6821,798274699.6803893,398423650.61119413
uniswap,2020-11-24,4.1605,888267428.9186445,500339828.16504496
uniswap,2020-11-25,4.0532,875380216.1524823,494435418.46095675
uniswap,2020-11-26,3.6757,787449062.6068666,406380440.1326761
uniswap,2020-11-27,3.4254,733369987.3925536,510984397.6844744
uniswap,2020-11-28,3.321,713179854.7216576,315218115.1560552
uniswap,2020-11-29,3.462,743811283.7156703,183770822.29365265
uniswap,2020-11-30,3.5421,759264594.5007293,198301875.29683137
uniswap,2020-12-01,3.7535,809636090.5766013,280030160.1998901
uniswap,2020-12-02,3.561,766671246.6754014,373303587.5576778
uniswap,2020-12-03,3.9717,857916550.9757915,406760837.4708671
uniswap,2020-12-04,3.8823,836700609.727124,274648451.3505504
uniswap,2020-12-05,3.534,757755073.8714986,221582896.3096745
uniswap,2020-12-06,3.6833,792687386.2649285,190879983.04395038
uniswap,2020-12-07,3.6385,781382593.6960821,185973044.77553254
uniswap,2020-12-08,3.7606,808737480.205302,217578687.13042405
uniswap,2020-12-09,3.2914,715633175.911876,240351771.39920992
uniswap,2020-12-10,3.3612,723460573.708362,229534248.81601888
uniswap,2020-12-11,3.2426,698376510.5489792,161320792.29777637
uniswap,2020-12-12,2.9699,640057166.0529337,221350365.76760957
uniswap,2020-12-13,3.1186,671894509.5713987,135658293.95547333
uniswap,2020-12-14,3.3302,716172377.566087,153495615.07987532
uniswap,2020-12-15,3.493,749375717.9281832,183939528.11184648
uniswap,2020-12-16,3.3339,718477508.3040215,166152867.0011512
uniswap,2020-12-17,3.5253,757153519.1393195,204305925.8169443
uniswap,2020-12-18,3.6899,790423837.0289786,450100318.7514347
uniswap,2020-12-19,3.7702,809123722.42147,327609257.4344026
uniswap,2020-12-20,3.9631,850581432.1663342,420406907.87859446
uniswap,2020-12-21,3.7642,810382324.7022611,275443989.3639796
uniswap,2020-12-22,3.5283,759874427.4792111,262940014.01935193
uniswap,2020-12-23,3.7537,805673159.5674238,325751402.0600609
uniswap,2020-12-24,3.3193,721651796.4986829,376531126.06884825
uniswap,2020-12-25,3.5123,753575318.6977578,328898688.9358483
uniswap,2020-12-26,3.5016,753044951.8807377,256537750.05243066
uniswap,2020-12-27,3.4164,732677812.4878981,233265501.35565948
uniswap,2020-12-28,3.6003,779517935.104836,326236005.2838611
uniswap,2020-12-29,3.7354,804350306.086027,223923394.32365412
uniswap,2020-12-30,3.674,795250241.3937147,201739690.8310578
uniswap,2020-12-31,4.1486,895773489.9060061,378751101.76500857
uniswap,2021-01-01,5.1711,1099631636.1653872,824702233.5266474
uniswap,2021-01-02,4.7449,1022200635.8040441,452044945.6698731
uniswap,2021-01-03,4.8639,1044423165.7654226,608416547.3842144
uniswap,2021-01-04,5.4148,1202761112.676848,648980438.6245198
uniswap,2021-01-05,5.2688,1126797182.5802603,559103874.0568565
uniswap,2021-01-06,6.33,1362188547.6343179,584406673.4967331
uniswap,2021-01-07,6.4067,1373830072.1371005,506631176.12117565
uniswap,2021-01-08,6.28,1347490392.6306486,378737338.54594994
uniswap,2021-01-09,5.903,1270376211.550848,509558009.5915883
uniswap,2021-01-10,6.2628,1357012421.554772,436433006.11123395
uniswap,2021-01-11,6.0183,1303546945.5403168,446873138.1388761
uniswap,2021-01-12,5.237,1121096311.700495,574251384.2802006
uniswap,2021-01-13,5.56,1195720707.535306,475763756.95196444
uniswap,2021-01-14,6.3345,1358006365.812793,471258616.65286165
uniswap,2021-01-15,6.8297,1455037823.3210673,517580677.1981703
uniswap,2021-01-16,7.3682,1602472033.421857,760428730.2735196
uniswap,2021-01-17,8.4242,1813071125.511511,892977151.8689348
uniswap,2021-01-18,8.6715,1885359961.3471706,783750422.9999478
uniswap,2021-01-19,9.1886,1956879124.5671573,660717406.6388996
uniswap,2021-01-20,8.621,1873169648.1414063,593261834.343645
uniswap,2021-01-21,9.0321,1935928979.245395,614488308.8302047
uniswap,2021-01-22,7.6373,1646769126.744525,766163746.432814
uniswap,2021-01-23,8.7113,1878962888.688168,777303127.8324175
uniswap,2021-01-24,9.2982,1999895064.9501379,642329832.0118979
uniswap,2021-01-25,12.0088,3457719717.4881573,1339750287.223756
uniswap,2021-01-26,11.3969,3257781268.7760725,1258031799.0660536
uniswap,2021-01-27,13.7967,3910299627.3158913,1870143777.972947
uniswap,2021-01-28,14.8269,4262672055.7619066,1988424279.4460337
uniswap,2021-01-29,14.1619,4050510658.044183,1550504012.752839
uniswap,2021-01-30,15.6453,4457719714.651553,1616973238.7223942
uniswap,2021-01-31,19.39,5526735076.374684,2031907840.7746058
uniswap,2021-02-01,17.6388,5088183581.45538,1777734968.623929
uniswap,2021-02-02,20.3589,5871493276.726128,1894362308.1348546
uniswap,2021-02-03,19.0723,5508085635.714836,1417633194.841543
uniswap,2021-02-04,19.827,5686308871.089227,1207216842.8498006
uniswap,2021-02-05,20.0463,5769499937.505494,1359131427.8960867
uniswap,2021-02-06,21.242,6321799769.83289,1315724521.5155115
uniswap,2021-02-07,19.3232,5766938732.57773,1124689339.6259599
uniswap,2021-02-08,18.5828,5535603356.336959,1135550184.047655
uniswap,2021-02-09,19.3583,5744354009.214107,1141451176.4957368
uniswap,2021-02-10,19.5139,5848771610.388897,893395008.2443836
uniswap,2021-02-11,20.6062,6189233659.319318,1565478791.2300613
uniswap,2021-02-12,21.4732,6429248007.496799,1010745029.005973
uniswap,2021-02-13,22.7023,6815508552.601418,1369634694.918432
uniswap,2021-02-14,21.772,6540139184.216119,1039214054.5710523
uniswap,2021-02-15,20.9511,6278943841.250568,836712393.2404209
uniswap,2021-02-16,19.9868,5982610726.858003,1335067502.9401636
uniswap,2021-02-17,20.4331,6110386492.831019,950433946.5471517
uniswap,2021-02-18,21.4698,6427499907.742221,943695978.233675
uniswap,2021-02-19,21.197,6335641981.136545,893915503.2540938
uniswap,2021-02-20,20.1657,6006310925.07141,1020159160.0554446
uniswap,2021-02-21,28.95,8538609828.004031,4724011321.893948
uniswap,2021-02-22,28.9964,8684028167.072233,2784044933.1259685
uniswap,2021-02-23,27.7643,8280636144.036506,2673881785.2123346
uniswap,2021-02-24,24.6816,7329621210.892453,3163004782.431511
uniswap,2021-02-25,25.3692,7586409970.831615,1920254182.885666
uniswap,2021-02-26,23.2535,7007917770.101435,1468489900.049544
uniswap,2021-02-27,23.1342,7166061055.355288,1555077298.4778
uniswap,2021-02-28,23.6182,7245382879.302461,936927724.3313073
uniswap,2021-03-01,22.159,6884169920.451811,1089343433.9333875
uniswap,2021-03-02,25.5927,7871644853.559921,1008174261.7990565
uniswap,2021-03-03,25.6739,7938770686.177972,1396400772.2835116
uniswap,2021-03-04,25.4866,7933740066.481902,925993783.7850428
uniswap,2021-03-05,28.3682,8803390260.277868,2022857205.0127583
uniswap,2021-03-06,28.3085,8703821762.736952,1404842922.8853452
uniswap,2021-03-07,28.4456,14785796370.078287,888827927.7244853
uniswap,2021-03-08,34.6214,18000871947.13093,1920823408.536654
uniswap,2021-03-09,33.4764,17463301675.334435,1612019368.2656958
uniswap,2021-03-10,32.8911,17055000313.178308,1193543527.6781414
uniswap,2021-03-11,30.9359,16120109458.45097,1063837175.2574469
uniswap,2021-03-12,31.034,16119273801.59986,960033602.6052556
uniswap,2021-03-13,31.0402,16155326738.583248,1186072896.1438892
uniswap,2021-03-14,32.4417,16859485766.807154,1289367663.2993128
uniswap,2021-03-15,31.0379,16125156715.344048,1122780113.965998
uniswap,2021-03-16,29.6737,15449946475.733334,1155570529.171646
uniswap,2021-03-17,29.8751,15471158515.32795,1050435935.9391568
uniswap,2021-03-18,31.5694,16441859239.593502,1132299457.9634585
uniswap,2021-03-19,30.1466,15673535367.824612,672286737.5289786
uniswap,2021-03-20,33.2198,17308220331.30915,1033158236.7801038
uniswap,2021-03-21,32.177,16725882113.925303,1060350155.0867463
uniswap,2021-03-22,32.9304,17114962741.79377,716047679.7953068
uniswap,2021-03-23,32.9952,17238680313.11546,1381904225.604729
uniswap,2021-03-24,31.0927,16055382395.307783,1860453596.6625454
uniswap,2021-03-25,27.5259,14351045746.375404,1384567626.283326
uniswap,2021-03-26,26.5355,13766080139.981758,1128204980.870811
uniswap,2021-03-27,28.9797,14986439483.527382,994080902.7562132
uniswap,2021-03-28,28.2476,14681213498.574812,875673307.1945412
uniswap,2021-03-29,27.8443,14479575407.089466,689178656.9249266
uniswap,2021-03-30,29.0416,15091221585.909716,847402534.0052477
uniswap,2021-03-31,28.5451,14830155560.657837,734983623.0477979
uniswap,2021-04-01,28.0406,14611600101.943754,904458391.4378318
uniswap,2021-04-02,28.7091,14932924434.375237,1060884094.1627505
uniswap,2021-04-03,30.0757,15638764057.077736,812769149.4402751
uniswap,2021-04-04,29.5071,15421482342.437128,1265286667.7734768
uniswap,2021-04-05,31.0159,16153866456.885544,781106912.3643713
uniswap,2021-04-06,30.7389,15962072689.870068,873130951.2701776
uniswap,2021-04-07,31.3536,16309533174.93992,1030841238.110863
uniswap,2021-04-08,28.6162,14935901075.534973,1161207835.3831873
uniswap,2021-04-09,30.2013,15720242344.032288,784904383.6115807
uniswap,2021-04-10,29.5265,15391195971.55995,623441889.082578
uniswap,2021-04-11,29.7609,15457242677.44422,722036765.6834116
uniswap,2021-04-12,29.9127,15524034940.501959,764898587.5221801
uniswap,2021-04-13,36.7358,19144430314.82384,2889481177.5018616
uniswap,2021-04-14,35.502,18342267583.03701,1708890469.5460348
uniswap,2021-04-15,36.0739,18760824233.069523,1563535908.9805756
uniswap,2021-04-16,37.8609,19664554845.7289,1766633578.7179375
uniswap,2021-04-17,36.2372,18872611505.577892,1448521982.9963844
uniswap,2021-04-18,34.7675,18166059530.99115,930619611.8500047
uniswap,2021-04-19,31.7818,16636767225.390648,1710254904.356988
uniswap,2021-04-20,31.3455,16366385637.621965,1111669225.0515075
uniswap,2021-04-21,31.9686,16645899118.888922,1182004358.9389002
uniswap,2021-04-22,33.4827,17489937901.702545,1760452654.9309895
uniswap,2021-04-23,34.5238,17979588796.227318,2422363805.0182767
uniswap,2021-04-24,32.9386,17094009322.25015,1835635217.769972
uniswap,2021-04-25,30.0421,15768347121.559797,845624016.3105899
uniswap,2021-04-26,33.7409,17504824743.220337,1296891246.483838
uniswap,2021-04-27,37.9442,19685884166.76706,1427787042.7943268
uniswap,2021-04-28,39.3945,20462310547.94931,1441551893.2984433
uniswap,2021-04-29,42.7709,22066932316.44179,2010272799.5539074
uniswap,2021-04-30,41.2841,21517770855.962162,1436741925.8732455
uniswap,2021-05-01,40.5754,20966193258.520176,1272830731.9388618
uniswap,2021-05-02,40.0858,20835088800.041653,964031038.6379355
uniswap,2021-05-03,42.4174,22067117153.79229,1323773729.3610675
uniswap,2021-05-04,42.3227,22048979110.985138,1408960631.853989
uniswap,2021-05-05,42.8841,22531045773.149952,1954476083.0829344
uniswap,2021-05-06,42.4797,21999590396.306828,1720124312.493284
uniswap,2021-05-07,40.1984,20962663814.783005,1396000538.6622086
uniswap,2021-05-08,39.7717,20632351275.40186,1221999973.987672
uniswap,2021-05-09,40.4237,20932492819.19116,977685689.8255162
uniswap,2021-05-10,39.4754,20524013783.96639,892216906.0464505
uniswap,2021-05-11,36.4546,19013078262.77166,1183918067.8499138
uniswap,2021-05-12,38.5554,19963462059.02463,942658968.5069667
uniswap,2021-05-13,37.4095,20098489560.89826,2133706915.0563972
uniswap,2021-05-14,37.5194,19299424611.485252,1744373142.223216
uniswap,2021-05-15,40.2254,20911930977.554783,1045198452.0654036
uniswap,2021-05-16,36.5598,19080609069.71218,1294761149.773782
uniswap,2021-05-17,36.4346,18911255214.574574,1081920780.3901498
uniswap,2021-05-18,33.183,17486595786.410786,1169372530.2762883
uniswap,2021-05-19,35.2316,18180660856.575863,1070183144.2233391
uniswap,2021-05-20,23.626,12602366216.180325,2347113052.2678595
uniswap,2021-05-21,26.309,13622752331.077631,1497329159.6214447
uniswap,2021-05-22,21.7818,11295503726.290405,1297490718.634286
uniswap,2021-05-23,20.4601,10639247156.097713,896183979.1636194
uniswap,2021-05-24,16.9133,8778467225.508617,1347195505.5785525
uniswap,2021-05-25,24.5791,12878834883.380674,1560905596.6696143
uniswap,2021-05-26,25.1299,13108865636.031528,1417237167.7640603
uniswap,2021-05-27,29.2567,15192076749.16924,1120612438.329353
uniswap,2021-05-28,28.6159,14836553003.975842,1048647538.733989
uniswap,2021-05-29,25.9325,13549096794.244926,1086783846.448085
uniswap,2021-05-30,23.188,12177437998.951092,823387645.3608849
uniswap,2021-05-31,25.7222,13344983979.306942,804144402.1001518
uniswap,2021-06-01,28.2788,14714510558.33837,1083684313.7629218
uniswap,2021-06-02,27.3797,14266743888.35211,800121553.8413837
uniswap,2021-06-03,27.7337,14403678265.638166,613791896.4466391
uniswap,2021-06-04,28.7542,14968848107.548033,567018549.9068279
uniswap,2021-06-05,26.5,13806645099.143055,556617698.4203678
uniswap,2021-06-06,25.6243,13236003245.768808,416708186.25985104
uniswap,2021-06-07,25.8493,13451367318.93007,302334554.09403217
uniswap,2021-06-08,23.9982,12613482619.683756,469406081.3803765
uniswap,2021-06-09,23.5061,12280851126.168135,573377787.478617
uniswap,2021-06-10,25.1723,13141278620.335745,656660732.7143261
uniswap,2021-06-11,23.5621,12312757983.7179,393388135.73774356
uniswap,2021-06-12,21.8383,11344352129.472044,345103511.8275833
uniswap,2021-06-13,21.3788,11166271682.472525,346713410.0183862
uniswap,2021-06-14,23.388,12049808148.719368,376549534.9242012
uniswap,2021-06-15,24.2642,12606959726.758831,413319010.2966569
uniswap,2021-06-16,23.5777,12276513822.119081,267487502.67906892
uniswap,2021-06-17,21.7511,11297376211.979023,295392167.1372831
uniswap,2021-06-18,22.224,11471300283.315557,234616308.5022973
uniswap,2021-06-19,20.3736,10602984406.393543,285357050.2664139
uniswap,2021-06-20,19.8908,10330166414.915752,213488836.21143046
uniswap,2021-06-21,20.8163,10823711568.175325,315251721.43097115
uniswap,2021-06-22,15.9707,8387199550.742471,537297119.7960297
uniswap,2021-06-23,16.3703,8477216957.694404,698852933.9350687
uniswap,2021-06-24,17.8295,9264928093.310345,479912622.4184925
uniswap,2021-06-25,18.0667,9393951389.235577,302161046.380925
uniswap,2021-06-26,16.1722,8426299423.967163,317218521.35496515
uniswap,2021-06-27,16.0085,8290522738.662094,244698897.6870538
uniswap,2021-06-28,17.0555,8855850307.056557,215956467.69514182
uniswap,2021-06-29,17.7484,9235160280.727997,253662366.82440746
uniswap,2021-06-30,18.617,9707709129.910637,333680340.3347164
uniswap,2021-07-01,19.2672,10017017557.895962,347044248.527958
uniswap,2021-07-02,17.9668,9333359969.878733,286288256.61330616
uniswap,2021-07-03,18.2323,9462758032.177608,220023562.3764466
uniswap,2021-07-04,19.4165,10088655008.249132,245778943.5241342
uniswap,2021-07-05,20.8721,10850342434.162794,486979400.4397563
uniswap,2021-07-06,20.2276,10525832017.973541,422466660.20331514
uniswap,2021-07-07,22.3445,11608802353.412985,739973645.6841846
uniswap,2021-07-08,22.4106,11650837813.605581,429667893.0750782
uniswap,2021-07-09,20.4297,10616133374.327568,379510267.2532497
uniswap,2021-07-10,21.0932,10965693623.299467,321418439.99853414
uniswap,2021-07-11,20.3449,10577796005.170385,212659432.42385218
uniswap,2021-07-12,20.6705,10745319594.74598,187421690.5196427
uniswap,2021-07-13,19.6504,10203811744.744122,267560547.31672803
uniswap,2021-07-14,18.3958,9544733423.366758,272157542.0496149
uniswap,2021-07-15,17.9078,9290650396.4871,421654603.94232076
uniswap,2021-07-16,16.9717,8830047975.515186,312619907.32282937
uniswap,2021-07-17,16.3793,8476614924.481534,266681158.65134493
uniswap,2021-07-18,16.1187,8387277898.2564335,247664806.27993363
uniswap,2021-07-19,16.4527,8554255182.256148,250496328.28444934
uniswap,2021-07-20,15.7593,8262119707.662116,303121489.4236345
uniswap,2021-07-21,14.6367,7631443233.002677,295482578.0379
uniswap,2021-07-22,16.7684,8689643628.797651,384141492.3870195
uniswap,2021-07-23,17.5992,9149059873.91254,310071792.08237046
uniswap,2021-07-24,18.6172,9652174791.000511,355034093.2487028
uniswap,2021-07-25,18.2833,9505862254.81691,285379632.8571276
uniswap,2021-07-26,18.3836,9563991875.950897,277562389.1273952
uniswap,2021-07-27,18.5787,9684226981.427572,503649048.520901
uniswap,2021-07-28,18.732,9722571438.938078,372578995.64020014
uniswap,2021-07-29,19.078,9913956668.465853,385362059.2539111
uniswap,2021-07-30,19.5465,10188404386.786572,333570030.88653743
uniswap,2021-07-31,21.0003,10914562607.27556,514663303.007334
uniswap,2021-08-01,21.907,11388284080.773903,410758851.2426803
uniswap,2021-08-02,22.0509,11374697963.401554,475683658.3046339
uniswap,2021-08-03,22.4689,11713474226.219545,425771626.1368887
uniswap,2021-08-04,21.4138,11132368109.49126,414981350.9002622
uniswap,2021-08-05,23.5466,12203745070.555143,552814277.791703
uniswap,2021-08-06,25.365,13185352005.618793,699296574.8443508
uniswap,2021-08-07,26.2146,13638910793.55033,490333635.44662476
uniswap,2021-08-08,28.3067,14632225045.70902,640825905.2788377
uniswap,2021-08-09,26.6531,13848908166.127323,432207756.86523604
uniswap,2021-08-10,28.4227,14573644344.62927,559545305.4371892
uniswap,2021-08-11,28.8687,15013840775.823084,724256684.5684078
uniswap,2021-08-12,29.0317,15074057039.901127,652752265.9145696
uniswap,2021-08-13,28.0288,14535927994.461237,569346100.5724059
uniswap,2021-08-14,30.52,15856553007.358017,554988172.7884215
uniswap,2021-08-15,30.1319,15709168426.900194,487706691.2486086
uniswap,2021-08-16,30.2297,15696675064.012932,398902724.6627441
uniswap,2021-08-17,29.2184,15369230973.244715,546782677.8158648
uniswap,2021-08-18,26.3503,13754741700.155434,767742020.8837827
uniswap,2021-08-19,26.6305,13939845220.537468,627293390.046418
uniswap,2021-08-20,27.6436,14176608464.345716,507667360.0519697
uniswap,2021-08-21,28.7388,14905083711.957464,442776320.4657239
uniswap,2021-08-22,28.2914,14703038938.084696,407137434.55326855
uniswap,2021-08-23,28.4269,14791766057.127138,383614067.72628266
uniswap,2021-08-24,28.7573,14987643095.19138,386748324.09930193
uniswap,2021-08-25,26.7718,13915252559.242048,422140396.1266143
uniswap,2021-08-26,27.0774,14097395315.886988,333577741.1507848
uniswap,2021-08-27,25.8622,13527339633.983707,363793501.6424933
uniswap,2021-08-28,27.3217,14213954708.107561,360776831.10807395
uniswap,2021-08-29,26.8379,13943939694.124075,223173120.5389269
uniswap,2021-08-30,26.8079,13913928721.295958,284267513.9509906
uniswap,2021-08-31,26.8853,13907754624.550062,402930910.5194873
uniswap,2021-09-01,29.5846,15407946680.882442,783954256.7844257
uniswap,2021-09-02,31.0462,16128419939.488716,877875674.6056006
uniswap,2021-09-03,30.0401,15623666079.300167,447984348.17267776
uniswap,2021-09-04,28.6234,14865045190.274055,954422714.9122263
uniswap,2021-09-05,28.6658,14958201738.923065,474162337.7009957
uniswap,2021-09-06,29.3115,15209137505.750956,427663408.8834084
uniswap,2021-09-07,28.9858,15099884141.550049,693745684.0444742
uniswap,2021-09-08,24.3864,12666014861.150581,1253299880.9540975
uniswap,2021-09-09,23.2286,12086066790.036985,769781310.3119571
uniswap,2021-09-10,23.3234,12160029204.92636,559191926.9142579
uniswap,2021-09-11,22.24,11542729782.078453,457902342.61321795
uniswap,2021-09-12,22.7003,11798032959.641006,321145858.24093807
uniswap,2021-09-13,23.7687,12383055974.262342,403802698.38031536
uniswap,2021-09-14,22.7714,11820309693.926575,444930553.3328914
uniswap,2021-09-15,25.7208,13398897666.149889,570879782.192722
uniswap,2021-09-16,27.336,14240178335.679047,608722043.915363
uniswap,2021-09-17,26.3081,13659160597.02458,564251576.4125971
uniswap,2021-09-18,24.2591,12674179714.18533,433400713.3422504
uniswap,2021-09-19,24.4728,12709544325.478378,246937881.13616136
uniswap,2021-09-20,23.9097,12440989942.969387,214205298.33376074
uniswap,2021-09-21,20.8043,10765678763.924232,532993825.9955752
uniswap,2021-09-22,18.8903,9794322823.098135,495596372.6922228
uniswap,2021-09-23,21.5031,11154749131.830667,447596020.9366132
uniswap,2021-09-24,21.5509,11202622681.346418,262156345.59227794
uniswap,2021-09-25,19.6162,10234832653.054922,432897752.10196656
uniswap,2021-09-26,19.5731,10175032976.193539,265078098.44406733
uniswap,2021-09-27,23.891,12335326028.85768,1583534191.8509574
uniswap,2021-09-28,22.4016,11705363838.061554,1066548559.201311
uniswap,2021-09-29,22.9277,11941770347.722538,1290304392.0435529
uniswap,2021-09-30,23.0277,11953447834.325663,780794940.0415272
uniswap,2021-10-01,23.4442,12160020538.521397,517424055.80485976
uniswap,2021-10-02,25.6493,13277805312.414595,700423037.2220021
uniswap,2021-10-03,26.1798,13605115540.597916,594393104.3635079
uniswap,2021-10-04,26.0447,13544155546.82248,343004136.67424315
uniswap,2021-10-05,25.302,13186914971.83756,402599015.45757943
uniswap,2021-10-06,25.6814,13374376468.79977,375749110.0562405
uniswap,2021-10-07,25.3206,13161254609.740164,424072459.6737592
uniswap,2021-10-08,25.5898,13290767666.732708,374299517.9287694
uniswap,2021-10-09,24.7167,12877029267.88737,320602934.3428465
uniswap,2021-10-10,25.1889,13112639636.089043,246026272.24079916
uniswap,2021-10-11,24.2596,12596667450.01749,298370108.99057794
uniswap,2021-10-12,24.1738,12538232546.85345,272560317.22561675
uniswap,2021-10-13,23.3974,12176411994.978714,277583514.93383485
uniswap,2021-10-14,24.6594,12807967415.35932,612128286.424876
uniswap,2021-10-15,26.287,13655956591.022598,463096854.76787454
uniswap,2021-10-16,25.9591,13469626951.61446,467610593.4761424
uniswap,2021-10-17,27.1152,14109694105.964958,490412060.36575466
uniswap,2021-10-18,25.9567,13517782444.022202,362912523.4963745
uniswap,2021-10-19,25.4518,13249316619.383533,381059639.28097886
uniswap,2021-10-20,26.0559,13521198538.479465,235616325.6185462
uniswap,2021-10-21,27.0618,14116940632.190317,282780675.53800875
uniswap,2021-10-22,26.1361,13620429173.75453,360470398.49380153
uniswap,2021-10-23,25.7377,13396792973.20243,316915450.5564987
uniswap,2021-10-24,26.896,13991892055.482813,239143362.51760715
uniswap,2021-10-25,25.9021,13436193398.80736,233726870.8243837
uniswap,2021-10-26,26.75,13876299668.889229,221176714.29690504
uniswap,2021-10-27,26.5756,13863398310.464426,519809746.0227959
uniswap,2021-10-28,24.2739,12621541966.392387,631783400.6071733
uniswap,2021-10-29,24.9315,12892763063.118904,404365417.4404958
uniswap,2021-10-30,25.3863,13216408015.20217,275110408.0008915
uniswap,2021-10-31,24.8693,12931601553.448347,174909252.06662568
uniswap,2021-11-01,25.0113,13016475092.944597,196887636.83941272
uniswap,2021-11-02,25.6844,13320068600.346914,325966171.10612214
uniswap,2021-11-03,26.1864,13613199661.370922,240004866.09131107
uniswap,2021-11-04,26.821,13939660255.072443,432736108.73912287
uniswap,2021-11-05,25.8489,13332587493.122667,374650977.7138912
uniswap,2021-11-06,25.6687,13331260347.526468,279022815.7785823
uniswap,2021-11-07,25.1743,13076005779.500847,221034141.72072372
uniswap,2021-11-08,25.4172,13211821545.092915,142846713.19310066
uniswap,2021-11-09,26.264,13725860573.632618,316870671.19881797
uniswap,2021-11-10,26.3947,13715816807.319756,491603513.1992169
uniswap,2021-11-11,25.3536,13136983216.709534,669815422.1928518
uniswap,2021-11-12,25.4991,13244138246.010714,297645670.53125006
uniswap,2021-11-13,24.671,12791948273.388115,263284355.60103837
uniswap,2021-11-14,24.7549,12870930023.999826,151320123.18706572
uniswap,2021-11-15,24.6708,12760905804.825857,146910206.71877486
uniswap,2021-11-16,24.0879,10913264374.690987,229177550.953874
uniswap,2021-11-17,21.8065,9888225316.591719,476385159.5100474
uniswap,2021-11-18,21.9696,9889058522.679012,247906181.61374262
uniswap,2021-11-19,20.0516,9070582651.71532,294366411.0934441
uniswap,2021-11-20,21.3043,9610398035.361753,208319586.15252754
uniswap,2021-11-21,22.0848,9993833783.07725,176706364.5645827
uniswap,2021-11-22,21.8913,9948254980.979748,140874640.9469183
uniswap,2021-11-23,21.01,9504718616.516567,273495206.091423
uniswap,2021-11-24,22.2169,10066987312.425707,239152711.74100003
uniswap,2021-11-25,20.8035,9416239526.669228,211810003.99384075
uniswap,2021-11-26,21.3589,9682038994.951204,212616477.46584344
uniswap,2021-11-27,19.2358,8723435955.020412,259627590.1347406
uniswap,2021-11-28,19.3916,8762994782.117992,136997332.621681
uniswap,2021-11-29,20.1539,9129278048.595253,230952471.64708793
uniswap,2021-11-30,20.299,9207203592.374037,186503290.99447426
uniswap,2021-12-01,21.1367,9552390672.58735,265088533.7885257
uniswap,2021-12-02,21.0002,9510282840.83456,1442110523.8328638
uniswap,2021-12-03,22.4106,10179540979.144365,528379668.84629166
uniswap,2021-12-04,20.0009,9091030086.16253,350186791.9662855
uniswap,2021-12-05,17.1585,7744403218.243596,666558587.5187391
uniswap,2021-12-06,16.5024,7464310711.589789,252732765.0444307
uniswap,2021-12-07,17.3649,7864089526.276569,312164904.99461937
uniswap,2021-12-08,17.1825,7756283239.280649,248443038.0032914
uniswap,2021-12-09,18.6178,8420623180.051245,339747630.2110108
uniswap,2021-12-10,16.2916,7415821822.4717455,222285915.32513908
uniswap,2021-12-11,15.2105,6945579696.047356,224213820.00092262
uniswap,2021-12-12,15.8697,7188199474.414531,234184794.2909364
uniswap,2021-12-13,15.9959,7236036545.745928,117043567.16608891
uniswap,2021-12-14,14.1689,6405984609.041324,191162356.95425445
uniswap,2021-12-15,14.9751,6760600797.510072,154326906.40696946
uniswap,2021-12-16,15.2089,6873747914.790969,184226251.340373
uniswap,2021-12-17,14.4186,6509173367.275765,164456010.6876684
uniswap,2021-12-18,14.9954,6780760105.392688,173354577.4688836
uniswap,2021-12-19,15.6035,7079436114.854531,272350359.0339215
uniswap,2021-12-20,14.9596,6812863161.629472,163883727.8687343
uniswap,2021-12-21,14.5305,6611242460.677133,192997528.0838154
uniswap,2021-12-22,15.092,6836206763.939692,122244219.32420419
uniswap,2021-12-23,16.2173,7300839750.974775,294587585.91815317
uniswap,2021-12-24,18.1924,8254251151.597789,447561502.94980836
uniswap,2021-12-25,17.5051,7918724485.184883,290641060.3945436
uniswap,2021-12-26,17.5371,7945507642.388939,187727004.90565735
uniswap,2021-12-27,18.6767,8456341814.067242,297810185.67494124
uniswap,2021-12-28,19.1196,8696115030.120722,386293727.1779752
uniswap,2021-12-29,18.467,8420176951.428101,546891039.1464801
uniswap,2021-12-30,17.14,7671892844.642082,487610754.7416053
uniswap,2021-12-31,17.788,8019700129.286913,267822524.47823623
uniswap,2022-01-01,17.0583,7753293078.668879,329523183.0561472
uniswap,2022-01-02,17.5018,7871351888.593128,193649960.12109536
uniswap,2022-01-03,18.3484,8343500803.632382,200986078.31763113
uniswap,2022-01-04,18.438,8317395673.941978,349235836.40987164
uniswap,2022-01-05,18.3495,8379921295.02585,367529749.3567232
uniswap,2022-01-06,17.2628,7817771109.9296255,598856112.4889485
uniswap,2022-01-07,17.1126,7771888608.8541565,371135407.1952639
uniswap,2022-01-08,15.7903,7162044295.704788,342193383.9076947
uniswap,2022-01-09,14.9273,6790463199.234768,210466197.29423183
uniswap,2022-01-10,15.8233,7121755730.477916,187782680.85240766
uniswap,2022-01-11,15.154,6860283160.319833,333262112.5922411
uniswap,2022-01-12,15.9778,7245529400.23944,244065462.98323056
uniswap,2022-01-13,16.2905,7388383969.861952,187540953.95189214
uniswap,2022-01-14,15.5261,7028508057.289675,197545035.8897999
uniswap,2022-01-15,15.8994,7150804294.586346,164792850.67984357
uniswap,2022-01-16,16.5193,7456401715.77056,172548231.7274185
uniswap,2022-01-17,17.8174,8061471199.847374,283876395.29941833
uniswap,2022-01-18,16.6782,7548770207.648419,228585499.62698308
uniswap,2022-01-19,16.0275,7261510283.540719,322581583.96439093
uniswap,2022-01-20,15.2276,6927607148.945237,177065025.7891576
uniswap,2022-01-21,14.5068,6594573194.418234,187145589.32718566
uniswap,2022-01-22,12.686,5772334730.960954,317049832.75441504
uniswap,2022-01-23,11.1369,5017654024.921903,441031582.29041904
uniswap,2022-01-24,11.4579,5198687603.027313,252834532.7666554
uniswap,2022-01-25,10.7062,4853155187.423784,345513535.14553297
uniswap,2022-01-26,10.6017,4811642019.716672,146509053.0415314
uniswap,2022-01-27,10.587,4813169166.37918,190402572.4705652
uniswap,2022-01-28,10.3549,4685739364.015536,222642076.97784084
uniswap,2022-01-29,10.6482,4821733206.321168,140599201.13813204
uniswap,2022-01-30,11.1608,5029897517.126268,140517292.4636067
uniswap,2022-01-31,10.813,4891557632.007505,121674779.18687208
uniswap,2022-02-01,11.8216,5350103702.135525,188686362.69292253
uniswap,2022-02-02,11.1317,5081481681.628662,201198953.96225333
uniswap,2022-02-03,10.5272,4797674242.8635235,155703800.61764374
uniswap,2022-02-04,10.3759,4721507053.301103,145052882.76761064
uniswap,2022-02-05,11.1627,5051122013.318024,206975026.31835535
uniswap,2022-02-06,11.2733,5158545600.0009365,223355185.9222134
uniswap,2022-02-07,11.6724,5282571242.457044,139776285.46359187
uniswap,2022-02-08,12.4203,5701985420.204432,338109747.5841357
uniswap,2022-02-09,11.975,5456125250.838112,298060077.8186966
uniswap,2022-02-10,12.3415,5637974827.683045,203745379.37944034
uniswap,2022-02-11,11.467,5231067791.780671,217946924.1484444
uniswap,2022-02-12,10.6396,4839679349.986822,159487919.51773322
uniswap,2022-02-13,10.6311,4834121994.740909,118674741.92915803
uniswap,2022-02-14,10.4017,4745683194.2879095,100356151.11160272
uniswap,2022-02-15,10.6332,4857521464.93458,103155997.53266482
uniswap,2022-02-16,11.4579,5247839830.258367,144847656.4648082
uniswap,2022-02-17,11.2754,5182355554.16489,162316059.798238
uniswap,2022-02-18,10.3847,4738850792.654248,143764591.73775673
uniswap,2022-02-19,10.1888,4664136975.573783,278756735.6909444
uniswap,2022-02-20,10.0421,4578536050.050418,320490928.6926976
uniswap,2022-02-21,9.373,4304788308.464038,226955309.62626088
uniswap,2022-02-22,8.5756,3920300517.890558,219848531.99416193
uniswap,2022-02-23,8.8855,4058842543.3751054,204967875.77835262
uniswap,2022-02-24,8.797,4025018293.9636965,156268305.07420203
uniswap,2022-02-25,8.8266,4020537310.301049,320695697.72649723
uniswap,2022-02-26,9.2538,4237673500.2755446,167619274.40524194
uniswap,2022-02-27,9.013,4107259774.6016736,125974287.46945135
uniswap,2022-02-28,9.8319,4478401196.315649,339481367.52301085
uniswap,2022-03-01,10.525,4787537581.346277,341529733.9484143
uniswap,2022-03-02,10.3429,4714482329.881444,267936948.590012
uniswap,2022-03-03,10.0432,4576049355.918441,202766777.1092666
uniswap,2022-03-04,9.5535,4376770206.565952,146606100.28905657
uniswap,2022-03-05,8.7953,4025606412.3001933,150911972.45021883
uniswap,2022-03-06,9.0278,4110442815.9722443,111642726.49075088
uniswap,2022-03-07,8.4808,3874731289.728572,126572801.95996918
uniswap,2022-03-08,8.3313,3812712780.8547807,163558541.98425993
uniswap,2022-03-09,8.8313,4035386858.4241767,167043184.94718587
uniswap,2022-03-10,9.1998,4194225959.9891334,196495607.10922635
uniswap,2022-03-11,8.6785,3962379574.427554,164760251.56611413
uniswap,2022-03-12,8.5475,3915053739.951719,153854400.74473712
uniswap,2022-03-13,8.4913,3879549735.9610705,110647689.17694634
uniswap,2022-03-14,8.1897,3735854603.17436,101924400.69666795
uniswap,2022-03-15,8.4796,3870636331.3589215,127334053.13374445
uniswap,2022-03-16,8.7042,3983593852.336534,123839923.33120614
uniswap,2022-03-17,9.0946,4184960568.7826314,195345740.94933137
uniswap,2022-03-18,9.2299,4204808399.964854,151673394.35907906
uniswap,2022-03-19,9.6486,4405149546.824707,173550796.69008273
uniswap,2022-03-20,9.7011,4425351860.54216,240108370.14121893
uniswap,2022-03-21,9.3212,4256486480.5230384,153390474.48299477
uniswap,2022-03-22,9.3404,4241776802.904745,176215313.93668678
uniswap,2022-03-23,9.7544,4458552368.256108,235868859.8862974
uniswap,2022-03-24,9.959,4538889445.363732,176500242.80752155
uniswap,2022-03-25,10.7561,4916324686.155008,248534317.08586955
uniswap,2022-03-26,10.5959,4834139133.941004,241682607.9178862
uniswap,2022-03-27,10.5903,4831873621.240823,131336479.91339953
uniswap,2022-03-28,11.3691,5187071219.785837,211625094.50361976
uniswap,2022-03-29,10.9053,5035856922.383954,276939594.787252
uniswap,2022-03-30,11.2356,5128474101.903624,292037060.0525693
uniswap,2022-03-31,11.724,5371278314.605804,341394902.58277303
uniswap,2022-04-01,11.2739,5113517891.073793,411807353.2931195
uniswap,2022-04-02,11.5619,5274434746.579509,317202808.29444736
uniswap,2022-04-03,11.6414,5356540270.200389,325152865.2463068
uniswap,2022-04-04,11.8406,5397825242.733619,255464050.99341494
uniswap,2022-04-05,11.5145,5245982095.301616,298104491.495006
uniswap,2022-04-06,11.1214,5097265687.918117,198454846.53311127
uniswap,2022-04-07,9.9582,4574274288.348962,259628205.591478
uniswap,2022-04-08,10.5088,4801989903.250153,173246571.47927883
uniswap,2022-04-09,9.7,4411239545.1249695,170605232.63379654
uniswap,2022-04-10,10.0617,4592010164.481435,141330229.9242992
uniswap,2022-04-11,9.8999,4554458781.281416,129232414.95120221
uniswap,2022-04-12,8.9733,4108833899.3789945,196401823.44663894
uniswap,2022-04-13,9.3381,4258624291.0815225,154454554.0060409
uniswap,2022-04-14,9.6699,4417528136.223829,173476317.4550886
uniswap,2022-04-15,9.481,4332695040.341895,241774505.6341256
uniswap,2022-04-16,9.7827,4464839715.595794,212769873.7445336
uniswap,2022-04-17,9.681,4420026618.365196,123148473.38237214
uniswap,2022-04-18,9.249,4210176506.8919177,108728932.05616748
uniswap,2022-04-19,9.4085,4284331897.210475,190254311.91027102
uniswap,2022-04-20,9.5423,4355102439.108299,184917575.47011477
uniswap,2022-04-21,9.3157,4249790881.919595,228786826.19602737
uniswap,2022-04-22,8.8543,4036339289.5998187,269622259.59249705
uniswap,2022-04-23,8.9146,4062047232.8331885,235387003.6082136
uniswap,2022-04-24,8.9276,4089790091.8392262,198552473.5170905
uniswap,2022-04-25,8.7088,3986891472.1637936,146677989.0901207
uniswap,2022-04-26,8.7485,3993084205.0305014,187117186.9427658
uniswap,2022-04-27,7.9893,3644347510.9572425,145441709.45052564
uniswap,2022-04-28,8.2084,3745292827.8910937,125434522.90553276
uniswap,2022-04-29,8.1597,3723644917.506213,130543645.5100539
uniswap,2022-04-30,7.6315,3484938981.1340513,163917976.32224727
uniswap,2022-05-01,6.7976,3102491916.639066,172927933.8320396
uniswap,2022-05-02,7.1281,3254761881.6529202,179026086.7847157
uniswap,2022-05-03,6.9431,3172746796.58764,137409676.82355812
uniswap,2022-05-04,6.8595,3129667065.4508405,121995280.32948676
uniswap,2022-05-05,7.9676,3630133118.8537292,205861823.5495361
uniswap,2022-05-06,7.3333,3333194180.734084,213334177.89321706
uniswap,2022-05-07,7.6291,3483253624.870725,215152378.03268862
uniswap,2022-05-08,7.1921,3289505348.971894,214880501.59788293
uniswap,2022-05-09,7.1037,3249417427.6207275,187047484.56010005
uniswap,2022-05-10,6.0285,2779604665.6080413,300454510.050868
uniswap,2022-05-11,6.0656,2766560088.0572615,300253201.50196445
uniswap,2022-05-12,4.8652,2231130704.7249503,418461145.8330321
uniswap,2022-05-13,4.6824,2160254656.6190715,291692043.75473946
uniswap,2022-05-14,5.081,2310355264.678907,176479881.51784235
uniswap,2022-05-15,5.1965,2370053323.7891383,153557763.4741943
uniswap,2022-05-16,5.4485,2483831971.813869,141912477.8925957
uniswap,2022-05-17,5.0441,2304277543.094121,141209299.0171937
uniswap,2022-05-18,5.4885,2503550357.157436,145869807.6904334
uniswap,2022-05-19,4.8896,2233139018.796584,126666412.53239416
uniswap,2022-05-20,5.1966,2372592744.037563,136719783.05882594
uniswap,2022-05-21,5.1133,2334568902.256062,146065626.23914576
uniswap,2022-05-22,5.2545,2398287637.3256283,103437975.0501693
uniswap,2022-05-23,5.5129,2521147054.2102375,109062718.26581852
uniswap,2022-05-24,5.6241,2565164296.739303,184248874.317606
uniswap,2022-05-25,5.5973,2554018625.184302,165675098.31074482
uniswap,2022-05-26,5.6174,2568869893.1616225,141052195.6227811
uniswap,2022-05-27,4.975,2272151482.0193634,175348015.58136055
uniswap,2022-05-28,4.6747,2128185856.602611,181374274.08139843
uniswap,2022-05-29,4.9947,2285350463.027301,102210398.18530162
uniswap,2022-05-30,4.9472,2257235918.9402194,92444516.51259902
uniswap,2022-05-31,5.6466,2577478218.438251,150485459.08361638
uniswap,2022-06-01,5.6982,2608012124.7952547,143079299.72859225
uniswap,2022-06-02,5.1637,2366107700.3767233,138342965.54125816
uniswap,2022-06-03,5.3147,2430594073.346453,110774955.14161678
uniswap,2022-06-04,5.0725,2311317081.659861,88557850.55571747
uniswap,2022-06-05,5.1301,2331778655.2070765,80433276.65345566
uniswap,2022-06-06,5.0953,2326013451.6792603,79836168.00690593
uniswap,2022-06-07,5.3746,2430474809.7473936,109534290.27984285
uniswap,2022-06-08,5.259,2407250762.423074,143877951.66164538
uniswap,2022-06-09,5.0779,2320764184.896532,111655416.75302458
uniswap,2022-06-10,5.2015,2378244367.9540763,88900079.86794302
uniswap,2022-06-11,4.8148,2194354193.3117547,96818301.65469491
uniswap,2022-06-12,4.3668,1993951073.4803374,102739259.53982706
uniswap,2022-06-13,4.1176,1897060921.795877,105134092.76852797
uniswap,2022-06-14,3.6055,1635283476.774644,161572713.91440386
uniswap,2022-06-15,3.9019,1781552368.258051,123495616.89617488
uniswap,2022-06-16,4.3915,2005655089.0543613,162579356.7088333
uniswap,2022-06-17,3.8332,1741778375.6754208,124639922.9546837
uniswap,2022-06-18,3.9491,1811446896.8442,85862926.30287446
uniswap,2022-06-19,3.6502,1665428166.3442647,118449601.07982692
uniswap,2022-06-20,4.1745,1907863859.528442,119436136.61716111
uniswap,2022-06-21,4.3122,1957253572.1901767,125206165.09847249
uniswap,2022-06-22,4.7492,2169119974.8405356,176542889.57881597
uniswap,2022-06-23,5.0175,2290499197.9077144,247997409.92539543
uniswap,2022-06-24,5.6301,2567950758.3850565,191955638.0092547
uniswap,2022-06-25,5.5089,2526544170.0926676,157050225.2152059
uniswap,2022-06-26,5.6295,2575547874.748558,110462241.36716096
uniswap,2022-06-27,5.6075,2569357370.8853774,137419403.3474657
uniswap,2022-06-28,5.3382,2436652532.2592897,118781835.62399021
uniswap,2022-06-29,4.9079,2234493683.836119,110948605.83787496
uniswap,2022-06-30,5.0911,2328717821.501313,136088130.2007749
uniswap,2022-07-01,4.9185,2215983426.153656,146684755.4177425
uniswap,2022-07-02,4.8678,2242111814.8058767,121090953.69121864
uniswap,2022-07-03,4.92,2244933279.955148,109168680.00323014
uniswap,2022-07-04,4.9204,2245233199.8773103,80839854.46775879
uniswap,2022-07-05,5.2735,2399880140.0534306,85316805.363794
uniswap,2022-07-06,5.3117,2428327365.7777123,114939604.02607225
uniswap,2022-07-07,5.3564,2448794351.532313,119463852.88512047
uniswap,2022-07-08,5.752,2631559059.7796893,115103631.85988162
uniswap,2022-07-09,5.8534,2685487137.185173,136984574.37986976
uniswap,2022-07-10,6.4739,2960165941.0797153,185530913.19583526
uniswap,2022-07-11,6.2556,2855617702.45701,158964823.05410635
uniswap,2022-07-12,5.572,2546480948.572529,219094068.7751106
uniswap,2022-07-13,5.5631,2564727486.0070653,214504875.28633222
uniswap,2022-07-14,6.1199,2786677617.134467,230293018.42462453
uniswap,2022-07-15,6.9915,3204133462.4507637,427487098.36336213
uniswap,2022-07-16,6.7971,3102356709.024673,239457373.58571586
uniswap,2022-07-17,7.3653,3362308427.8581576,222594177.61584088
uniswap,2022-07-18,6.9831,3203953491.623544,144574732.06138963
uniswap,2022-07-19,7.3273,3331415856.6639957,235640563.74255952
uniswap,2022-07-20,7.3345,3347415397.960539,295890996.99432373
uniswap,2022-07-21,6.8926,3151059066.7718606,246626565.09647003
uniswap,2022-07-22,7.2083,3297766135.488768,209512657.8879522
uniswap,2022-07-23,6.9024,3146249214.0407686,154075868.42237002
uniswap,2022-07-24,6.9948,3191012712.9601526,141534247.23314434
uniswap,2022-07-25,7.2259,3306860208.3927784,139282701.07177854
uniswap,2022-07-26,7.134,3285006360.981979,297788220.0890492
uniswap,2022-07-27,6.6293,3014804316.3849792,224154240.5240415
uniswap,2022-07-28,8.0382,3678876652.249352,359156616.87656766
uniswap,2022-07-29,9.2564,4232153605.4024854,593872758.0076154
uniswap,2022-07-30,8.9918,4145467056.7907515,384673097.20325434
uniswap,2022-07-31,8.7659,4001542452.9042954,254019713.4917234
uniswap,2022-08-01,8.4125,3845847929.9502387,272602890.912076
uniswap,2022-08-02,8.3776,3815484195.1692963,201005819.65928683
uniswap,2022-08-03,8.3504,3837897818.8706093,284705561.5946138
uniswap,2022-08-04,8.9855,4133901493.526588,320199182.75512815
uniswap,2022-08-05,8.863,4030756422.2666264,216526016.96338156
uniswap,2022-08-06,8.9194,4065885764.1679626,173692266.2599186
uniswap,2022-08-07,8.7908,4022743106.3194485,108882359.58501557
uniswap,2022-08-08,8.791,4009261907.3187037,83745604.8701111
uniswap,2022-08-09,8.7979,4023057671.2001696,150503728.1624533
uniswap,2022-08-10,8.4659,3860658584.3291473,147778914.76458746
uniswap,2022-08-11,9.2005,4196736467.518332,195432734.72839737
uniswap,2022-08-12,8.9539,4089900553.696451,195006502.5798943
uniswap,2022-08-13,9.2315,4190990117.6300583,131774403.01577024
uniswap,2022-08-14,8.9922,4105231516.764822,121406782.66482568
uniswap,2022-08-15,8.868,4048858035.377188,169823329.35512137
uniswap,2022-08-16,8.4876,3870731351.212564,171830546.06584132
uniswap,2022-08-17,8.3581,3806961894.7399244,145540639.56498542
uniswap,2022-08-18,7.9519,3629095690.349547,141829687.99111882
uniswap,2022-08-19,7.6143,3486610728.542949,131674854.23955394
uniswap,2022-08-20,6.9119,3144755426.385566,194398388.05793324
uniswap,2022-08-21,7.0185,3198136658.43187,117242717.66195308
uniswap,2022-08-22,7.239,3310168836.6166897,107277114.98041654
uniswap,2022-08-23,6.979,3176263345.6732116,149551841.46980554
uniswap,2022-08-24,7.132,3253049640.7882004,126686984.91119508
uniswap,2022-08-25,7.0464,3215622229.1014767,110190545.68405297
uniswap,2022-08-26,7.0337,3215555578.998428,106338723.24209042
uniswap,2022-08-27,6.1333,2786909804.559747,163172295.37330094
uniswap,2022-08-28,6.0734,2773082373.537217,104639961.14573488
uniswap,2022-08-29,5.765,2635501972.9769325,95356004.40547784
uniswap,2022-08-30,6.3505,2907515708.3495407,107904269.76169509
uniswap,2022-08-31,6.1633,2819948140.616467,105976938.53303415
uniswap,2022-09-01,6.1251,2793283428.62159,134215320.95428367
uniswap,2022-09-02,6.3329,2888832071.1322165,94232693.13504863
uniswap,2022-09-03,6.3824,2912133138.490429,101417652.1941877
uniswap,2022-09-04,6.2963,2877101942.5088115,53443312.9656485
uniswap,2022-09-05,6.4655,2950417551.1066465,69153556.16203214
uniswap,2022-09-06,6.5802,3024417794.4278426,98151322.7948251
uniswap,2022-09-07,5.8484,4410086495.421912,132935144.00974947
uniswap,2022-09-08,6.1283,4637926924.556039,91858250.1097922
uniswap,2022-09-09,6.1725,4649226277.368335,91120882.90813552
uniswap,2022-09-10,6.4986,4906096677.896451,147428056.83881712
uniswap,2022-09-11,6.6709,5025137963.200916,118407901.3653863
uniswap,2022-09-12,6.4855,4886424649.044754,103097539.80054569
uniswap,2022-09-13,6.6405,4999751544.587105,153618941.5561403
uniswap,2022-09-14,6.0427,4561491579.432594,128701413.60901722
uniswap,2022-09-15,6.203,4660618941.02644,93596153.3633857
uniswap,2022-09-16,5.8758,4438359067.07736,108654631.2295326
uniswap,2022-09-17,5.8094,4378676491.532915,68111313.31958322
uniswap,2022-09-18,6.03,4543186169.515078,62616604.36945425
uniswap,2022-09-19,5.4686,4135201501.9601474,80474947.35315666
uniswap,2022-09-20,5.4831,4143772649.845364,100185619.41594066
uniswap,2022-09-21,5.2961,3998178209.933585,71294879.91925144
uniswap,2022-09-22,5.3666,4035010356.3431234,108538004.59929575
uniswap,2022-09-23,5.7509,4333435262.240132,106188160.18727766
uniswap,2022-09-24,5.9219,4484574254.805922,106787099.70723721
uniswap,2022-09-25,5.797,4369588814.824373,72775258.09711422
uniswap,2022-09-26,5.6652,4261519782.2683682,64317107.67600176
uniswap,2022-09-27,5.9129,4443884657.095913,113057951.73849376
uniswap,2022-09-28,6.3929,4822931998.435526,227458444.80420014
uniswap,2022-09-29,6.5717,4955322884.841404,168195462.43595877
uniswap,2022-09-30,6.3669,4799652346.680209,120959299.86323705
uniswap,2022-10-01,6.4498,4860601042.926826,158714828.64574334
uniswap,2022-10-02,6.3997,4823140320.8635645,94829934.01969229
uniswap,2022-10-03,6.2535,4725134304.930617,135060189.68133292
uniswap,2022-10-04,6.641,5014935117.615237,161864706.93747154
uniswap,2022-10-05,6.6541,5020100137.51724,166658973.04613245
uniswap,2022-10-06,6.7951,5119652288.056191,106455819.58988123
uniswap,2022-10-07,6.8649,5178407294.507345,144315494.55938753
uniswap,2022-10-08,6.7539,5086229249.260882,136193573.6349079
uniswap,2022-10-09,6.5151,4911460994.305966,71466320.97269987
uniswap,2022-10-10,6.6305,4986924384.046281,59114393.032297924
uniswap,2022-10-11,6.4012,4813719788.1699,80774928.97245811
uniswap,2022-10-12,5.9865,4509618832.568811,107677360.85662068
uniswap,2022-10-13,6.0587,4568938391.425436,65133312.18623727
uniswap,2022-10-14,6.1343,4623754177.013012,189175947.28956205
uniswap,2022-10-15,6.3001,4760731137.776821,146364641.50268418
uniswap,2022-10-16,6.0448,4557244724.786425,67132673.59495027
uniswap,2022-10-17,6.1039,4598676113.326317,55530512.6520336
uniswap,2022-10-18,6.4112,4828685697.007588,84220709.82577284
uniswap,2022-10-19,6.5401,4936156273.154763,129146209.49989708
uniswap,2022-10-20,6.5969,4955180899.075148,178212735.29441246
uniswap,2022-10-21,6.0861,4591490887.285317,156258200.55092138
uniswap,2022-10-22,6.0316,4533125984.707485,184700005.1092032
uniswap,2022-10-23,6.0913,4590343042.700932,77129897.86718656
uniswap,2022-10-24,6.2874,4733498801.730078,99192654.67104685
uniswap,2022-10-25,6.1346,4618545541.217412,104407046.88744636
uniswap,2022-10-26,6.5725,4950636963.345613,157895679.42817828
uniswap,2022-10-27,6.7198,5062240014.468626,156810503.5751189
uniswap,2022-10-28,6.8309,5160129016.085454,231523100.10429376
uniswap,2022-10-29,6.8711,5173563934.134061,259430120.06403166
uniswap,2022-10-30,7.0702,5317522718.360287,228460341.59612802
uniswap,2022-10-31,6.9002,5195567237.446771,171266477.52887878
uniswap,2022-11-01,6.9733,5245239506.658086,155703577.4265553
uniswap,2022-11-02,7.1268,5375258887.219984,222242359.2910008
uniswap,2022-11-03,7.0978,5351315424.37054,249912512.17392603
uniswap,2022-11-04,6.9318,5216773780.395424,215877174.28522786
uniswap,2022-11-05,7.5369,5672097328.895453,298751768.41331035
uniswap,2022-11-06,7.6856,5811914190.814124,206669261.73811632
uniswap,2022-11-07,7.0774,5349861013.427424,172696407.77044493
uniswap,2022-11-08,7.0118,5278342715.528714,286058164.9913443
uniswap,2022-11-09,6.0585,4595361546.702121,387410178.28844416
uniswap,2022-11-10,4.8523,3662750561.4757123,305501409.60559636
uniswap,2022-11-11,5.7615,4335997316.158445,309805549.20692074
uniswap,2022-11-12,6.1157,4535346870.409862,264148815.88289696
uniswap,2022-11-13,5.5439,4167838210.407343,242222876.60308167
uniswap,2022-11-14,5.8269,4351154810.054022,234866484.69419807
uniswap,2022-11-15,6.0719,4586662908.314141,209308154.2844806
uniswap,2022-11-16,6.2927,4746335341.889519,174099282.70583573
uniswap,2022-11-17,5.974,4489495044.916041,124292419.22975114
uniswap,2022-11-18,5.7436,4334500340.676594,85678707.04914345
uniswap,2022-11-19,5.8514,4404388901.78971,95781461.1918154
uniswap,2022-11-20,5.7679,4349855236.526934,64827819.201040134
uniswap,2022-11-21,5.4401,4101158227.716471,75519789.68864788
uniswap,2022-11-22,5.1975,3908735642.681003,138486879.58190128
uniswap,2022-11-23,5.2798,3994409560.3907714,151639095.51117373
uniswap,2022-11-24,5.4933,4156239318.6230745,109211920.91705221
uniswap,2022-11-25,5.4512,4105196579.1634164,81025801.71001168
uniswap,2022-11-26,5.4156,4086896072.724891,90145065.27516909
uniswap,2022-11-27,5.4128,4076996629.978301,95357496.24874334
uniswap,2022-11-28,5.408,4087542754.429011,65789199.78547693
uniswap,2022-11-29,5.2976,3993012537.9204254,75442476.7631252
uniswap,2022-11-30,5.4645,4124476225.1785235,65495410.030420184
uniswap,2022-12-01,5.8826,4439327368.465463,150433333.60032076
uniswap,2022-12-02,5.8889,4434128710.549324,111109736.36136433
uniswap,2022-12-03,6.3359,4766102165.587983,171245639.54493967
uniswap,2022-12-04,6.1029,4613353094.132692,106218617.00568841
uniswap,2022-12-05,6.2786,4733927906.961663,67613000.01333992
uniswap,2022-12-06,6.1804,4657393065.086532,94159417.10519522
uniswap,2022-12-07,6.1798,4647142734.333487,76895911.03361364
uniswap,2022-12-08,6.0233,4545496178.708692,80286654.61916253
uniswap,2022-12-09,6.1802,4655389318.21514,82644954.34137882
uniswap,2022-12-10,6.1587,4635942273.740534,80223057.01293229
uniswap,2022-12-11,6.0704,4575833245.840452,39926476.7430024
uniswap,2022-12-12,5.9265,4462896141.216207,46283126.57696332
uniswap,2022-12-13,5.9227,4463084986.402193,64069582.4392402
uniswap,2022-12-14,6.0892,4589431873.134235,93028749.8355626
uniswap,2022-12-15,5.9151,4461372498.76887,88518069.74242969
uniswap,2022-12-16,5.7864,4370544567.691772,91776086.4054852
uniswap,2022-12-17,5.2966,3988210097.943355,112636835.82925606
uniswap,2022-12-18,5.3961,4073089144.0734463,81505435.82070029
uniswap,2022-12-19,5.3265,4034944952.6973896,34810559.44791612
uniswap,2022-12-20,5.0926,3843080447.7772746,60677734.16190145
uniswap,2022-12-21,5.3555,4037769710.9553847,53834829.070261486
uniswap,2022-12-22,5.3111,4000278734.0502133,44342462.62525909
uniswap,2022-12-23,5.357,4029684866.7154727,53273082.46483072
uniswap,2022-12-24,5.2636,3958039591.0984626,54604584.53296351
uniswap,2022-12-25,5.2019,3924595426.222731,38279664.801380046
uniswap,2022-12-26,5.1537,3882946821.94123,50213295.913799934
uniswap,2022-12-27,5.1945,3913981564.1677356,46975506.2579235
uniswap,2022-12-28,5.1757,3896911038.859704,46721930.661511764
uniswap,2022-12-29,4.9684,3745457158.9652133,67181433.09385264
uniswap,2022-12-30,5.048,3811069733.0296283,52976628.776065886
uniswap,2022-12-31,5.0908,3840064032.15621,42294069.35497709
uniswap,2023-01-01,5.1642,3894646728.7911425,37403132.7004158
uniswap,2023-01-02,5.2425,3955247365.825856,30977111.614867438
uniswap,2023-01-03,5.3685,4043865165.497167,78224577.31704631
uniswap,2023-01-04,5.3841,4060855474.905757,53110050.262721
uniswap,2023-01-05,5.5264,4160810021.189741,80075378.93985194
uniswap,2023-01-06,5.3705,4048183386.550157,47787838.01262789
uniswap,2023-01-07,5.5228,4166848627.1290574,51596893.92861402
uniswap,2023-01-08,5.42,4082582779.1746063,36819040.666090734
uniswap,2023-01-09,5.5633,4182344512.7225814,42282403.846038416
uniswap,2023-01-10,5.7992,4371733711.1092825,100661016.9700876
uniswap,2023-01-11,5.7857,4358105743.054102,76581700.90494724
uniswap,2023-01-12,5.9291,4468043464.204826,76403883.6532684
uniswap,2023-01-13,6.1731,4650896016.426076,149298801.74787396
uniswap,2023-01-14,6.2958,4746241777.987224,115527931.79585062
uniswap,2023-01-15,6.6457,5008983094.608986,273871200.14506716
uniswap,2023-01-16,6.5869,4959404092.229254,124760426.82286668
uniswap,2023-01-17,6.5405,4928124766.807209,144423520.25296834
uniswap,2023-01-18,6.3509,4783959452.712659,112992669.74447821
uniswap,2023-01-19,6.0591,4570052276.791898,243950438.16776207
uniswap,2023-01-20,6.1516,4635310740.768301,86500898.72406118
uniswap,2023-01-21,6.6894,5021405923.925657,99356132.4799061
uniswap,2023-01-22,6.6629,5019596977.933527,145286748.54093868
uniswap,2023-01-23,6.9084,5211773831.240735,196742294.78187212
uniswap,2023-01-24,6.7325,5072987925.743091,179016766.19054908
uniswap,2023-01-25,6.2798,4726797402.408939,134829681.58453035
uniswap,2023-01-26,6.6128,4978519397.295557,133179284.08800672
uniswap,2023-01-27,6.7679,5107801678.406004,125994398.13099666
uniswap,2023-01-28,6.8551,5167647151.252717,113122714.56466548
uniswap,2023-01-29,6.6254,4993524228.735352,83844785.5198767
uniswap,2023-01-30,6.9278,5216260641.668172,111578516.05086303
uniswap,2023-01-31,6.516,4895850264.760277,134367760.71424213
uniswap,2023-02-01,6.5719,4950354877.509898,86390157.1894411
uniswap,2023-02-02,6.8122,5131973700.192405,138975879.8196638
uniswap,2023-02-03,7.1307,5372497539.508585,282451216.90420276
uniswap,2023-02-04,7.0818,5341550599.496141,214357436.43524623
uniswap,2023-02-05,7.2108,5452151227.771596,120991965.70693286
uniswap,2023-02-06,6.9024,5209341125.726168,152160275.3191631
uniswap,2023-02-07,6.6534,5013990600.209234,122051283.61190645
uniswap,2023-02-08,7.0043,5275198057.423763,115435337.11068924
uniswap,2023-02-09,6.8087,5127124089.843575,132774857.03231986
uniswap,2023-02-10,6.31,4751637720.055791,232666392.5854352
uniswap,2023-02-11,6.3621,4800417410.206058,110964543.63352312
uniswap,2023-02-12,6.4905,4889440616.489142,61319179.75603283
uniswap,2023-02-13,6.336,4788541183.751905,55568260.6576907
uniswap,2023-02-14,6.2481,4719337372.187343,110823011.79379751
uniswap,2023-02-15,6.5862,4964736549.649795,89763139.50202547
uniswap,2023-02-16,6.9264,5218345828.46036,104923249.79301487
uniswap,2023-02-17,6.5136,4909634804.462306,141676612.4763968
uniswap,2023-02-18,6.7396,5084659621.06852,140622726.7114035
uniswap,2023-02-19,6.9781,5259714072.884988,182166481.58989102
uniswap,2023-02-20,7.1862,5430590480.568778,276928161.3935972
uniswap,2023-02-21,7.3436,5537166669.783817,137208009.54812616
uniswap,2023-02-22,7.0256,5290152344.76877,134199509.16533245
uniswap,2023-02-23,6.9241,5225491312.696207,101986261.51448728
uniswap,2023-02-24,6.9439,5222446260.967442,81020588.25357868
uniswap,2023-02-25,6.5687,4953848997.095033,103235567.05245478
uniswap,2023-02-26,6.4591,4870721302.483531,73830561.56497368
uniswap,2023-02-27,6.5985,4973963951.029317,56334280.11221115
uniswap,2023-02-28,6.4415,4856219633.403199,69144261.78599964
uniswap,2023-03-01,6.4935,4886356983.750283,74792891.18683127
uniswap,2023-03-02,6.8429,5163511432.224202,92398902.22934212
uniswap,2023-03-03,6.6287,4996839875.863756,66207425.9129185
uniswap,2023-03-04,6.2691,4720317067.008948,93430517.42778255
uniswap,2023-03-05,6.1513,4634742405.97019,47477406.19516595
uniswap,2023-03-06,6.3516,4785687398.890965,67388837.76285101
uniswap,2023-03-07,6.3363,4769738448.434144,67036953.221178554
uniswap,2023-03-08,6.4322,4841692941.465445,89491397.23963796
uniswap,2023-03-09,6.1044,4606454641.77695,83838315.30961788
uniswap,2023-03-10,5.7496,4318203589.575163,83784063.37549001
uniswap,2023-03-11,5.627,4247092305.11589,113367340.68499562
uniswap,2023-03-12,5.4446,4094908731.3937244,127610381.40830249
uniswap,2023-03-13,5.9209,4448759895.706624,95778901.55652809
uniswap,2023-03-14,6.104,4607312656.441097,156409577.90712523
uniswap,2023-03-15,6.3372,4778406633.622736,150721803.59301102
uniswap,2023-03-16,5.9442,4471108270.619365,111700189.8008612
uniswap,2023-03-17,5.9561,4494961245.416702,74736644.5043195
uniswap,2023-03-18,6.4345,4850651371.378773,103337353.20225722
uniswap,2023-03-19,6.5172,4906707585.367002,118017239.33196333
uniswap,2023-03-20,6.5436,4950693993.780999,104937608.92218415
uniswap,2023-03-21,6.2287,4692539147.2787485,104037137.83433619
uniswap,2023-03-22,6.4625,4866937692.808725,88904489.96774378
uniswap,2023-03-23,6.1167,4605459195.855407,108448456.75738014
uniswap,2023-03-24,6.2756,4728609439.33797,73585895.17012163
uniswap,2023-03-25,5.889,4466550832.675447,102979177.6712132
uniswap,2023-03-26,5.754,4337745092.958157,66091097.60479686
uniswap,2023-03-27,5.8002,4385077664.651765,57699092.39824348
uniswap,2023-03-28,5.6605,4256049638.6439795,59826597.51401152
uniswap,2023-03-29,5.8256,4390251588.264973,50293552.121501476
uniswap,2023-03-30,5.9557,4485386843.358916,71109517.86530124
uniswap,2023-03-31,5.9008,4439213464.337526,82254798.81367911
uniswap,2023-04-01,6.0636,4573417060.292017,76369195.60046233
uniswap,2023-04-02,6.1,4596201008.216763,57770389.40947745
uniswap,2023-04-03,5.9474,4483457783.042533,52966667.94187016
uniswap,2023-04-04,5.9322,4476485232.022342,76608291.46397084
uniswap,2023-04-05,6.157,4640398906.882425,71436080.29964788
uniswap,2023-04-06,6.2345,4702342807.346953,70862460.43188582
uniswap,2023-04-07,6.0758,4582672295.384517,62433929.03386283
uniswap,2023-04-08,6.0052,4528856512.660218,64813727.02642054
uniswap,2023-04-09,5.9227,4467768898.127544,70164147.22346583
uniswap,2023-04-10,5.9165,4462993840.650317,69786282.31774472
uniswap,2023-04-11,6.0179,4541748707.564676,76821445.11774056
uniswap,2023-04-12,5.9428,4479515267.831268,73765880.6529851
uniswap,2023-04-13,5.9471,4484300231.782725,93433196.7797888
uniswap,2023-04-14,6.2024,4676133349.705781,90108545.24355485
uniswap,2023-04-15,6.3124,4757253852.019881,136752472.35840598
uniswap,2023-04-16,6.2707,4730457747.759178,78498800.948625
uniswap,2023-04-17,6.3144,4760421604.888949,97055845.58948804
uniswap,2023-04-18,6.1284,4614340584.397668,81974602.9277725
uniswap,2023-04-19,6.3266,4776865098.725458,97706010.12340665
uniswap,2023-04-20,5.8309,4395024790.026744,150016977.1398572
uniswap,2023-04-21,5.7814,4356612694.123208,88882755.41745293
uniswap,2023-04-22,5.461,4112534550.497599,93044326.31192048
uniswap,2023-04-23,5.503,4149610005.538114,63631421.016925946
uniswap,2023-04-24,5.4284,4083709292.0179896,65067104.492585465
uniswap,2023-04-25,5.3559,4036698427.738177,72133157.92331947
uniswap,2023-04-26,5.4658,4117759970.395816,69898858.60539685
uniswap,2023-04-27,5.3435,4025463789.2460494,101216757.12123258
uniswap,2023-04-28,5.5609,4190176421.711198,82636744.95158437
uniswap,2023-04-29,5.5346,4165451910.053211,54203057.56136658
uniswap,2023-04-30,5.6204,4241663033.937427,52912754.57467177
uniswap,2023-05-01,5.4785,4125723194.4009376,58568131.03685351
uniswap,2023-05-02,5.3364,4017411994.83028,62538680.167213015
uniswap,2023-05-03,5.3236,4011770597.4010615,54559906.6871979
uniswap,2023-05-04,5.389,4059212839.5621963,62764612.639644355
uniswap,2023-05-05,5.2582,3967626639.247978,55332642.64224179
uniswap,2023-05-06,5.5503,4177003786.337612,112104381.47904067
uniswap,2023-05-07,5.2984,3988317785.3997097,110060038.16120577
uniswap,2023-05-08,5.2956,3972602974.30464,74411643.97763474
uniswap,2023-05-09,4.9769,3747756211.2091393,130407691.35307911
uniswap,2023-05-10,4.9521,3734143759.9614816,75246771.43736872
uniswap,2023-05-11,5.1262,3865719204.9667025,93210380.25991216
uniswap,2023-05-12,5.072,3821461606.802976,78649168.82079758
uniswap,2023-05-13,5.2004,3916598557.801766,59722190.69131669
uniswap,2023-05-14,5.1046,3857966129.5559964,31681487.17635174
uniswap,2023-05-15,5.1275,3864117973.4872756,34390351.25421021
uniswap,2023-05-16,5.1341,3872167081.0188003,41021530.66574075
uniswap,2023-05-17,5.1481,3883581067.928721,36820909.94078297
uniswap,2023-05-18,5.3233,4003310495.2919188,47968902.96630712
uniswap,2023-05-19,5.2995,4001865245.9562907,54243455.96152967
uniswap,2023-05-20,5.3156,4009735805.5314417,33083711.101705536
uniswap,2023-05-21,5.2826,3981323149.984158,22957629.110239018
uniswap,2023-05-22,5.1127,3856578252.9796095,30878821.575482395
uniswap,2023-05-23,5.0847,3833484546.952709,40166342.3245977
uniswap,2023-05-24,5.0718,3823091223.8781085,39282787.83545617
uniswap,2023-05-25,4.9811,3760123211.2750225,46725507.45643354
uniswap,2023-05-26,4.9467,3728187792.2276855,36122069.71729254
uniswap,2023-05-27,4.9795,3751508939.646949,33103542.508340072
uniswap,2023-05-28,5.0427,3799061339.9454756,30254381.965128068
uniswap,2023-05-29,5.1466,3883289155.7623177,35511882.545518085
uniswap,2023-05-30,5.1083,3852537116.727532,37096022.88737077
uniswap,2023-05-31,5.1332,3870222778.7081757,34204865.16030245
uniswap,2023-06-01,5.0196,3782203161.574936,38069391.83149539
uniswap,2023-06-02,4.9865,3757848972.454962,29163799.367806334
uniswap,2023-06-03,5.0647,3817969389.9448824,32496003.852201726
uniswap,2023-06-04,5.085,3832403880.5061555,21835695.967822205
uniswap,2023-06-05,5.0207,3780133333.6833677,43120937.255126804
uniswap,2023-06-06,4.7397,3571232006.4493732,65704388.93868892
uniswap,2023-06-07,4.7804,3598471523.1982975,45911546.193991646
uniswap,2023-06-08,4.54,3418869249.4259586,53687666.95471741
uniswap,2023-06-09,4.6387,3495295854.718223,32912018.037345488
uniswap,2023-06-10,4.5849,3454520604.86023,32716543.00620039
uniswap,2023-06-11,4.0782,3076712266.0312696,153672651.51625344
uniswap,2023-06-12,4.0486,3050004178.7218585,41408534.670914784
uniswap,2023-06-13,4.3057,3242017092.022024,60594423.334284
uniswap,2023-06-14,4.2816,3228122002.4529214,90346159.36472192
uniswap,2023-06-15,4.4052,3321050222.7485704,124135060.41602881
uniswap,2023-06-16,4.4253,3332985370.62101,107071408.5739549
uniswap,2023-06-17,4.5471,3427071949.5757422,44452297.03416937
uniswap,2023-06-18,4.5212,3408510528.131619,39572251.25693703
uniswap,2023-06-19,4.4734,3372031311.8613,33154149.46525567
uniswap,2023-06-20,4.4729,3371889597.5737653,31310703.85224233
uniswap,2023-06-21,4.5677,3441849794.9869447,37196764.37580745
uniswap,2023-06-22,4.7813,3607719687.505027,55557721.906195074
uniswap,2023-06-23,4.7344,3569120803.490653,46832911.55578836
uniswap,2023-06-24,4.8637,3665294760.7974463,33681540.46718968
uniswap,2023-06-25,4.7331,3566595361.310091,31930181.791870527
uniswap,2023-06-26,5.4495,4104421717.559902,164576751.88211188
uniswap,2023-06-27,5.2684,3963368827.934585,103362674.31228249
uniswap,2023-06-28,5.2732,3971865950.344858,43175670.553782925
uniswap,2023-06-29,4.8326,3644972957.47273,55642415.932303034
uniswap,2023-06-30,4.9264,3718682161.878518,43870101.16223229
uniswap,2023-07-01,5.2757,3974301621.318058,102654717.90294623
uniswap,2023-07-02,5.5884,4206571344.434642,79361312.51206473
uniswap,2023-07-03,5.5481,4179354927.0325594,72340177.22222905
uniswap,2023-07-04,5.512,4156539537.778073,68132165.13863741
uniswap,2023-07-05,5.5191,4163871296.825137,72588057.92673877
uniswap,2023-07-06,5.4197,4091876591.5538354,110534452.42183933
uniswap,2023-07-07,5.2959,4005105590.80432,112359618.18981089
uniswap,2023-07-08,5.4733,4123937757.2371416,129461949.47216973
uniswap,2023-07-09,5.2398,3948151495.2628,80677349.8405295
uniswap,2023-07-10,5.2254,3930974718.154736,58253589.77961489
uniswap,2023-07-11,5.2364,3942618699.605214,95112991.41875204
uniswap,2023-07-12,5.2543,3962690181.241324,61031058.59207186
uniswap,2023-07-13,5.2767,3980439452.5544906,83974611.4141705
uniswap,2023-07-14,5.8487,4401811235.794664,149634536.29951772
uniswap,2023-07-15,5.8537,4405082707.093525,194213818.84711957
uniswap,2023-07-16,5.8039,4370988463.935703,84786880.94944417
uniswap,2023-07-17,5.7255,4317207361.100199,77683379.76112472
uniswap,2023-07-18,5.9117,4458614665.657943,225284913.31873032
uniswap,2023-07-19,5.8935,4437271573.311535,225162188.36511764
uniswap,2023-07-20,5.8755,4425299492.201327,107734170.76997088
uniswap,2023-07-21,6.0025,4526505199.704583,151525559.4990655
uniswap,2023-07-22,6.2104,4686213885.128025,171632512.27230862
uniswap,2023-07-23,5.9829,4518518585.238613,106587577.08880746
uniswap,2023-07-24,6.1521,4635924405.556448,96825196.01838246
uniswap,2023-07-25,5.7829,4356121040.272409,137309931.1944901
uniswap,2023-07-26,5.7906,4361792927.983698,68159391.9768643
uniswap,2023-07-27,5.8398,4400995271.152155,86533948.11809571
uniswap,2023-07-28,5.8667,4418699638.642598,84966835.09872192
uniswap,2023-07-29,6.005,4524800716.41274,75386780.16805533
uniswap,2023-07-30,6.3369,4770115437.84684,102556022.06228878
uniswap,2023-07-31,6.4174,4831383010.632866,163753823.2085087
uniswap,2023-08-01,6.543,4939848563.359335,207091595.1398604
uniswap,2023-08-02,6.6674,5018004775.009499,207595919.36945775
uniswap,2023-08-03,6.1465,4636203751.097334,156830051.0113192
uniswap,2023-08-04,6.1039,4607838660.810239,152523095.39482775
uniswap,2023-08-05,6.0613,4563844343.690116,99113153.13309556
uniswap,2023-08-06,6.0788,4579504375.642312,71065260.51535967
uniswap,2023-08-07,5.9371,4475165404.7708845,69186693.59065674
uniswap,2023-08-08,5.863,4416775973.424125,103629249.20907408
uniswap,2023-08-09,6.0898,4592247579.321545,104895258.36695865
uniswap,2023-08-10,6.27,4728469035.04728,105496796.06514302
uniswap,2023-08-11,6.1898,4665684260.379035,94245286.27093214
uniswap,2023-08-11,6.1908,4668274324.113315,88597145.03648193
